Name,Address,City,Zipcode,Statea
"Brea Police Dept","1 Civic Center Cir","Brea","92821-5732","CA"
"Scotts Valley Police Dept","1 Civic Center Dr","Scotts Valley","95066-4156","CA"
"Irvine Police Dept-Traffic","1 Civic Center Plz","Irvine","92606-5207","CA"
"Ione Police Dept","1 E Main St","Ione","95640-0000","CA"
"Los Angeles County Sheriff","1 E Regent St # 122","Inglewood","90301-6053","CA"
"Oakland Police Review Board","1 Frank H Ogawa Plz Fl 11","Oakland","94612-1932","CA"
"Mill Valley Police Dept","1 Hamilton Ln","Mill Valley","94941-1772","CA"
"Rio Vista Police Dept","1 Main St","Rio Vista","94571-1842","CA"
"San Francisco City Sheriff","1 Moreland Dr","San Bruno","94066-0000","CA"
"Los Altos Police Dept","1 N San Antonio Rd","Los Altos","94022-3000","CA"
"San Francisco Police Dept","1 Sergeant John V Young Way","San Francisco","94112-0000","CA"
"Sand City Police Dept","1 Sylvan Way","Sand City","93955-3039","CA"
"Perris City Police Dept","100 N Perris Blvd","Perris","92570-1928","CA"
"Lompoc Police Dept","100 Civic Center Plz","Lompoc","93436-6916","CA"
"Dublin City Police Dept","100 Civic Plz","Dublin","94568-2658","CA"
"El Cajon Police Dept-Traffic","100 Fletcher Pkwy","El Cajon","92020-2505","CA"
"Napa County Sheriff Dept","100 Howell Mountain Rd","Angwin","94508-9500","CA"
"Inglewood Police-Parking Enf","1 W Manchester Blvd Fl 2","Inglewood","90301-1750","CA"
"Inglewood Police Dept","1 W Manchester Blvd","Inglewood","90301-1750","CA"
"Isleton Police Dept","100 2nd St","Isleton","95641-0000","CA"
"Contra Costa Cnty Criminal Ct","100 37th St","Richmond","94805-2135","CA"
"San Clemente Police Dept","100 Avenida Presidio","San Clemente","92672-3100","CA"
"Sheriff Office-Finance","100 Bryant St","Bridgeport","93517-0000","CA"
"Calipatria City Police Dept","101 N Lake Ave","Calipatria","92233-0000","CA"
"Cupertino Police Dept","10300 Torre Ave","Cupertino","95014-3202","CA"
"Corcoran Police Dept","1031 Chittenden Ave","Corcoran","93212-2499","CA"
"Clovis Police Dept-Records","1033 5th St","Clovis","93612-1329","CA"
"Exeter Police Dept","100 N C St","Exeter","93221-1805","CA"
"Police Dept-Records","100 W California Ave","Ridgecrest","93555-4054","CA"
"Vacaville Police Youth Svc","100 W Monte Vista Ave","Vacaville","95688-3829","CA"
"Sheriff Dept-Emergency Svc","101 Memeorial Dr","Weaverville","96093-0000","CA"
"Sheriff Dept-Lake Patrol","101 Memorial Dr","Weaverville","96093-0000","CA"
"County Sheriff Civil Enfrcmnt","1035 Palm St","San Luis Obispo","93408-1000","CA"
"Modoc County Sheriff","102 S Court St","Alturas","96101-4063","CA"
"County Sheriff","1020 E Palmdale Blvd","Palmdale","93550-4738","CA"
"Police-Crime Prevention-Dare","10200 Slater Ave","Fountain Valley","92708-4736","CA"
"Los Angeles Police Dept","10250 Etiwanda Ave","Northridge","91325-1099","CA"
"San Diego Police Dept","1040 University Ave","San Diego","92103-7328","CA"
"Los Angeles County Criminal Ct","1040 W Avenue J","Lancaster","93534-3329","CA"
"Duarte Sheriff","1042 Huntington Dr","Duarte","91010-2449","CA"
"San Luis Obispo Police Dept","1042 Walnut St","San Luis Obispo","93401-2729","CA"
"San Diego County Sheriff Dept","10440 Black Mountain Rd","San Diego","92126-2910","CA"
"El Cerrito Police Dept","10900 San Pablo Ave","El Cerrito","94530-2391","CA"
"Downey City Police Dept","10911 Brookshire Ave","Downey","90241-3847","CA"
"Barona Tribal Enforcement","1095 Barona Rd","Lakeside","92040-1541","CA"
"South Orange County Sheriff","11 Journey","Aliso Viejo","92656-3333","CA"
"Los Gatos Police","110 E Main St","Los Gatos","95030-6900","CA"
"Los Angeles County Sheriff","110 N Grand Ave","Los Angeles","90012-3014","CA"
"Ventura Police Dept","110 N Olive St # K","Ventura","93001-2570","CA"
"Santa Cruz County Sheriff","100 Rountree Ln","Watsonville","95076-9426","CA"
"Sonora Police Dept","100 S Green St","Sonora","95370-4643","CA"
"Pismo Beach Police Dept","1000 Bello St","Pismo Beach","93449-4305","CA"
"Tracy Police Dept","1000 Civic Center Dr","Tracy","95376-4079","CA"
"Los Banos Police Garage","1000 G St","Los Banos","93635-3786","CA"
"Albany Police Dept","1000 San Pablo Ave","Albany","94706-2296","CA"
"Mountain View Police Dept","1000 Villa St","Mountain View","94041-1238","CA"
"Fairfield Police Dept-Records","1000 Webster St","Fairfield","94533-4836","CA"
"Kings County Sheriff","1001 Chittenden Ave","Corcoran","93212-2406","CA"
"Manteca Police Dept","1001 W Center St","Manteca","95337-4302","CA"
"Los Angeles Cnty Sheriff-Civil","10025 Flower St","Bellflower","90706-5499","CA"
"Long Beach Police-Storefront","1004 E 7th St","Long Beach","90813-4802","CA"
"Tracy Police Dept","1005 E Pescadero Ave","Tracy","95304-8503","CA"
"County Sheriff Recruitment","101 Centre Plaza Dr","Monterey Park","91754-2155","CA"
"Roseville Police Jail","1051 Junction Blvd","Roseville","95678-7191","CA"
"Rancho Cucamonga Police Dept","10510 Civic Center Dr","Rancho Cucamonga","91730-3801","CA"
"Mariposa County Sheriff's Dept","10549 Fiske Rd","Coulterville","95311-9584","CA"
"Fresno Cnty Sheriff Detective","1055 Golden State Blvd","Selma","93662-9793","CA"
"Foster City Police Dept","1030 E Hillsdale Blvd","Foster City","94404-1604","CA"
"San Diego Police Dept","10615 Tierrasanta Blvd","San Diego","92124-2615","CA"
"Fresno County Sheriff Dept","10649 Morro Ave","Del Rey","93616-9767","CA"
"Orange Police Dept-Narcotics","1107 N Batavia St","Orange","92867-4615","CA"
"Merced Police Dept","1109 Loughborough Dr","Merced","95348-1806","CA"
"Vallejo Police Dept-Detective","111 Amador St","Vallejo","94590-6301","CA"
"Hercules Police Dept","111 Civic Dr","Hercules","94547-1771","CA"
"Live Oak Sheriff","1077 Civic Center Blvd","Yuba City","95993-3002","CA"
"Sheriff's Office-Investigation","10879 Donner Pass Rd","Truckee","96161-4802","CA"
"Gonzales Police Dept","109 4th St","Gonzales","93926-0000","CA"
"El Centro Police Athletic Lg","1100 N 4th St","El Centro","92243-1519","CA"
"Fresno County Mun Criminal Ct","1100 Van Ness Ave","Fresno","93721-2016","CA"
"Blue Lake Police Dept","111 Greenwood Rd","Blue Lake","95525-0000","CA"
"Tiburon Police Dept","1155 Tiburon Blvd","Belvedere Tibrn","94920-1550","CA"
"Imperial County Sheriff","1157 N Imperial Hwy","Ocotillo","92259-0000","CA"
"Police Service Ctr","11576 Telegraph Rd","Santa Fe Springs","90670-3110","CA"
"Senior Escort Program","1101 Capp St Lowr Fl","San Francisco","94110-4697","CA"
"Riverside Police Dept","1102 Galleria At Tyler","Riverside","92503-4135","CA"
"Los Angeles County Sheriff","111 N Hill St","Los Angeles","90012-3117","CA"
"Livermore Police-Crime Prvntn","1110 S Livermore Ave","Livermore","94550-9315","CA"
"County Sheriff-Stanton Substa","11100 Cedar St","Stanton","90680-3105","CA"
"Sheriff Substa-Community Svc","1111 Bailey Ave","Needles","92363-3116","CA"
"Cloverdale Police Dept","112 Broad St","Cloverdale","95425-3398","CA"
"Imperial County Sheriff Substa","112 Highway 78","Palo Verde","92266-0000","CA"
"Garden Grove Police Dept","11301 Acacia Pkwy","Garden Grove","92840-5310","CA"
"Santa Barbara County Sheriff","115 Civic Center Plz","Lompoc","93436-6916","CA"
"Greenville Sheriff","115 Highway 89","Greenville","95947-0000","CA"
"El Monte Police Dept","11333 Valley Blvd","El Monte","91731-3210","CA"
"San Diego Police Dept Southern","1120 27th St","San Diego","92154-3301","CA"
"County Sheriff Crime Lab","1122 Escobar St","Martinez","94553-1215","CA"
"Kern County Sheriff","1122 Jefferson St","Delano","93215-2241","CA"
"Santa Barbara County Sheriff","1122 Santa Barbara St","Santa Barbara","93101-2008","CA"
"Los Angeles County Sheriff","11234 Valley Blvd # 114","El Monte","91731-3241","CA"
"Napa County Sheriff","1125 3rd St # 1","Napa","94559-3098","CA"
"San Francisco Police Dept","1125 Fillmore St","San Francisco","94115-4711","CA"
"Belle Haven Community Police","1197 Willow Rd","Menlo Park","94025-1616","CA"
"Colma Police Detectives","1198 El Camino Real","Colma","94014-3212","CA"
"Adelanto Police Admin","11613 Bartlett Ave","Adelanto","92301-1920","CA"
"North Hollywood Police Station","11640 Burbank Blvd","North Hollywood","91601-2316","CA"
"Oakland Housing Auth Police","1180 25th Ave","Oakland","94601-1432","CA"
"Monterey County Sheriffs Dept","1200 Aguajito Rd # Oo2","Monterey","93940-4885","CA"
"Police Dept Investigative Svc","1200 F St","Modesto","95354-2416","CA"
"Newman Police Dept","1200 Main St","Newman","95360-1325","CA"
"Police Department UNET","1201 University Ave # 112","Riverside","92507-4506","CA"
"Kern County Sheriff Dept","12022 Main St","Lamont","93241-2836","CA"
"L A County Sheriff Department","11703 Alameda St","Lynwood","90262-4023","CA"
"San Diego Police Jail","1173 Front St","San Diego","92101-3904","CA"
"Ontario Police Dept","1150 W 6th St","Ontario","91762-1110","CA"
"Placer County Sheriff","11500 A Ave","Auburn","95603-2611","CA"
"Los Angeles Sheriff Training","11515 Colima Rd","Whittier","90604-2832","CA"
"Placer County Criminal Dept","11532 B Ave","Auburn","95603-2605","CA"
"National City Police-Invstgtns","1200 National City Blvd","National City","91950-4396","CA"
"Fresno Police Station","1211 Fresno St","Fresno","93706-3218","CA"
"San Diego Police Dept","12125 Alta Carmel Ct","San Diego","92128-3893","CA"
"Auburn Police Dept","1215 Lincoln Way","Auburn","95603-5004","CA"
"Belmont Police Dept","1215 Ralston Ave","Belmont","94002-1902","CA"
"Los Angeles County Sheriff","122 N San Dimas Ave","San Dimas","91773-2646","CA"
"Police Dept","122 Trinity Ave","Chowchilla","93610-2949","CA"
"Lake County Sheriff's Dept","1220 Martin St","Lakeport","95453-9708","CA"
"Banning City Police Dept","125 E Ramsey St","Banning","92220-4839","CA"
"San Diego Police Dept NE Div","13396 Salmon River Rd","San Diego","92129-2640","CA"
"Fresno Police Dept","1343 Bulldog Ln","Fresno","93710-7204","CA"
"San Diego County Sheriffs Dept","1347 Tavern Rd # 2","Alpine","91901-3886","CA"
"San Diego County Sheriff","1347 Tavern Rd","Alpine","91901-3853","CA"
"District Attorney-Criminal Div","135 N D St","Perris","92570-1906","CA"
"Santa Barbara County Sheriff","140 W Highway 246","Buellton","93427-9998","CA"
"Calipatria City Police Dept","140 W Main","Calipatria","92233-0000","CA"
"San Rafael Police Evidence","1400 5th Ave","San Rafael","94901-1943","CA"
"Plumas County Sheriff","1400 E Main St","Quincy","95971-9402","CA"
"Concord Police Dept Adm Div","1350 Galindo St","Concord","94520-2805","CA"
"Sheriff Dept","1350 Norris Rd","Bakersfield","93308-2231","CA"
"Police Dept","1352 Johnson Blvd","South Lake Tahoe","96150-8217","CA"
"Los Angeles County Sheriff","13525 Telegraph Rd","Whittier","90605-3438","CA"
"Los Angeles Police Dept","1358 Wilcox Ave","Los Angeles","90028-8134","CA"
"Police Community Relations","12312 Culver Blvd","Los Angeles","90066-6222","CA"
"Norwalk Sheriff's Dept","12335 Civic Center Dr","Norwalk","90650-3172","CA"
"Calistoga Police Dept","1235 Washington St","Calistoga","94515-1439","CA"
"Alameda County Sheriff Recruit","1401 Lakeside Dr Fl 12","Oakland","94612-4305","CA"
"Sheriff's Ofc Law Enforcement","1401 Lakeside Dr","Oakland","94612-4305","CA"
"Police Activities League","1401 Olympic Blvd","Santa Monica","90404-3823","CA"
"Clearlake Police Dept","14050 Olympic Dr","Clearlake","95422-8801","CA"
"Monterey County Sheriff's Dept","1414 Natividad Rd","Salinas","93906-3102","CA"
"Monterey County Sheriff","1414 Old Natividad Rd","Salinas","93906-0000","CA"
"Monterey County Sheriff","14141 Natizidid","Salinas","93906-0000","CA"
"Madera County Sheriff","14143 Road 28","Madera","93638-5714","CA"
"Kern County Sheriff","1415 Truxtun Ave","Bakersfield","93301-5215","CA"
"Willits Police Dept","125 E Commercial St # 150","Willits","95490-3146","CA"
"Mendocino County Sheriff","125 E Commercial St","Willits","95490-3145","CA"
"San Jose Police Dept","125 E Gish Rd","San Jose","95112-4702","CA"
"Los Angeles Cnty Sheriff-Civil","12720 Norwalk Blvd # 108","Norwalk","90650-3189","CA"
"Los Angeles County Sheriff","1275 N Eastern Ave","Los Angeles","90063-3217","CA"
"Milpitas Police Dept","1275 N Milpitas Blvd","Milpitas","95035-3153","CA"
"Los Angeles Police Dept","12760 Osborne St","Pacoima","91331-3331","CA"
"L A County Sheriffs Auto Bur","1277 N Eastern Ave","Los Angeles","90063-3217","CA"
"Kern County Sheriff's Office","128 E Coso Ave","Ridgecrest","93555-3647","CA"
"Rialto Police Dept","128 N Willow Ave","Rialto","92376-5894","CA"
"Fowler City Police Dept","128 S 5th St","Fowler","93625-2401","CA"
"Kern County Sheriff's Dept","129 E F St","Tehachapi","93561-1710","CA"
"Grass Valley Police Dept","129 S Auburn St","Grass Valley","95945-6501","CA"
"San Bernardino Police Dept","1292 W Mill St","San Bernardino","92410-2500","CA"
"Marin County Sheriff's Office","13 Peter Behr Dr","San Rafael","94903-5216","CA"
"Kern County Crime Lab","1300 18th St","Bakersfield","93301-4537","CA"
"Redwood City Police Dept","1301 Maple St","Redwood City","94063-2766","CA"
"San Diego County Sheriff Dept","13100 Bowron Rd","Poway","92064-5775","CA"
"Redding Police Dept","1313 California St","Redding","96001-0698","CA"
"Police Dept-Crime Prevention","1315 Valley Dr","Hermosa Beach","90254-3846","CA"
"Merced County Sheriff Dept","13193 Highway 33","Gustine","95322-9778","CA"
"El Dorado County Sheriff-Civil","1360 Johnson Blvd # 100","South Lake Tahoe","96150-8201","CA"
"Kern County Sheriff's Dept","1379 Sierra Hwy","Rosamond","93560-0000","CA"
"Redlands Police Dept East","1381 E Citrus Ave","Redlands","92374-4012","CA"
"San Bernardino Sheriffs Dept","13843 Peyton Dr","Chino Hills","91709-1602","CA"
"Los Angeles County Sheriff","13851 Fiji Way","Marina Del Rey","90292-6910","CA"
"Police Dept Airport Div","1387 Airport Blvd","San Jose","95110-1204","CA"
"San Pablo Police Dept","13880 San Pablo Ave","San Pablo","94806-3704","CA"
"San Bernardino County Sheriff","13215 Market St","Trona","93562-1918","CA"
"Stanislaus Cnty Police Actvty","1325 Beverly Dr","Modesto","95351-2313","CA"
"Chino City Police Dept","13250 Central Ave","Chino","91710-4127","CA"
"Stockton District Police","1326 N San Joaquin St","Stockton","95202-1120","CA"
"San Bernardino County Sheriff","13260 Central Ave","Chino","91710-4165","CA"
"Police Dept-Pier Sub-Station","133 W Torrance Blvd","Redondo Beach","90277-3633","CA"
"San Bernardino Police Dept","1332 W 5th St # 108","San Bernardino","92411-2626","CA"
"Monrovia Police Dept","140 E Lime Ave","Monrovia","91016-2898","CA"
"Glendale Police Dept-Narcotic","140 N Isabel St","Glendale","91206-4382","CA"
"Victorville Police Dept","14200 Amargosa Rd","Victorville","92392-2302","CA"
"South Pasadena Police Dept","1422 Mission St","South Pasadena","91030-3214","CA"
"San Diego County Sheriff Dept","1424 Montecito Rd","Ramona","92065-5200","CA"
"Police Dept-Property","1425 Dowell Dr","Ventura","93003-7362","CA"
"LOS Angeles County Sheriff","1427 W West Covina Pkwy","West Covina","91790-2728","CA"
"Oxnard Police Dept","143 W 5th St","Oxnard","93030-7105","CA"
"Cupertino City Police Dept","14374 Saratoga Ave","Saratoga","95070-5953","CA"
"Fairfax Police Dept","144 Bolinas Rd","Fairfax","94930-1646","CA"
"Kingsburg Police Dept","1440 Marion St","Kingsburg","93631-1927","CA"
"Police Dept Crime Prevention","14403 Pacific Ave","Baldwin Park","91706-4226","CA"
"Police Dept Records","1444 W Garvey Ave S","West Covina","91790-2716","CA"
"Kings County Sheriff's Office","1444 W Lacey Blvd","Hanford","93230-5905","CA"
"Police Dept","1575 11th St","Firebaugh","93622-2214","CA"
"San Mateo County Sheriff Dept","1580 Maple St","Redwood City","94063-2720","CA"
"San Bernardino Police Dept","1584 W Base Line St # 106","San Bernardino","92411-1746","CA"
"San Luis Obispo Sheriff","1585 Kansas Ave","San Luis Obispo","93401-0000","CA"
"Alameda Animal Shelter-Pound","1590 Fortman Way","Alameda","94501-1280","CA"
"San Jacinto Police Dept","160 W 6th St","San Jacinto","92583-4109","CA"
"Hillsborough Police Dept","1600 Floribunda Ave","Hillsborough","94010-6418","CA"
"Montebello Police Dept","1600 W Beverly Blvd","Montebello","90640-3932","CA"
"Bakersfield Police Dept","1601 Truxtun Ave","Bakersfield","93301-5109","CA"
"Humboldt Cnty Sheriff CPU","1608 Pickett Rd","Mc Kinleyville","95519-3920","CA"
"Tulare County Sheriff Station","161 N Pine St","Pixley","93256-9628","CA"
"Kern County Sheriff's Office","181 E 1st St","Buttonwillow","93206-0000","CA"
"Oxnard Police Dept","181 W Gonzales Rd","Oxnard","93030-2959","CA"
"San Marcos Sheriff Dept","182 Santar Pl","San Marcos","92069-6450","CA"
"San Bernardino Sheriff's Dept","14455 Civic Dr","Victorville","92392-2312","CA"
"Livingston Police Detective","1446 C St","Livingston","95334-1417","CA"
"Southeast Los Angeles Police","145 W 108th St","Los Angeles","90061-2001","CA"
"San Bernardino Sheriff","1455 Civic Dr","Victorville","92392-0000","CA"
"San Diego County Sheriff","1477 Moon Rd","Vista","92083-5536","CA"
"Alpine County Sheriff","14777 Highway 89","Markleeville","96120-0000","CA"
"St Helena Police Dept","1480 Main St","St Helena","94574-1854","CA"
"San Diego Cnty Sheriff's Dept","1485 Hollow Glen Rd","Julian","92036-0000","CA"
"Sutter Creek Police Dept","18 Main St","Sutter Creek","95685-4175","CA"
"El Centro Police Dept","150 N 11th St","El Centro","92243-2836","CA"
"La Habra Police Dept","150 N Euclid St","La Habra","90631-4699","CA"
"La Habra Police Dept","150 N Hudson Ave","City Of Industry","91744-4430","CA"
"Los Angeles Police Dept","150 N Los Angeles St # 140","Los Angeles","90012-3302","CA"
"Los Angeles Police-Forgery Div","150 N Los Angeles St # 302","Los Angeles","90012-3302","CA"
"Police Commissioners Board","150 N Los Angeles St","Los Angeles","90012-3302","CA"
"Glendora City Police","150 S Glendora Ave","Glendora","91741-3416","CA"
"San Bernardino Sheriff's Dept","14900 Apple Valley Inn Rd","Apple Valley","92307-3011","CA"
"Apple Valley Police","14900 Aztec Rd","Apple Valley","92307-3011","CA"
"Upland Police Dept","1499 W 13th St","Upland","91786-2992","CA"
"Sheriff Substation","15001 Paramount Blvd # C","Paramount","90723-3442","CA"
"Kern County Sheriff Property","1501 L St","Bakersfield","93301-4510","CA"
"Police Dept Property Room","151 W Mission St","San Jose","95110-1710","CA"
"San Diego Polce Comm Relations","1515 Palm Ave # C","San Diego","92154-1011","CA"
"Redding Police Investigations","1516 Market St","Redding","96001-1023","CA"
"Shasta County Sheriff","1525 Court St","Redding","96001-1632","CA"
"Lawndale Sheriff Svc Ctr","15331 Prairie Ave","Lawndale","90260-2222","CA"
"Napa City Police Detectives","1539 1st St","Napa","94559-2840","CA"
"Siskiyou County Sheriff Hrnbrk","15434 Hornbrook Rd","Hornbrook","96044-0000","CA"
"County Sheriff","1545 Kansas Ave","San Luis Obispo","93401-0000","CA"
"Yuba City Police Dept","1545 Poole Blvd","Yuba City","95993-2615","CA"
"Dos Palos Police Dept","1546 Golden Gate Ave","Dos Palos","93620-2330","CA"
"Los Angeles Police Dept","1546 W Martin Luther King Jr","Los Angeles","90062-1744","CA"
"San Diego Police Dept","1549 El Prado","San Diego","92101-1660","CA"
"Santa Cruz Police Dept","155 Center St","Santa Cruz","95060-4913","CA"
"Riverside County Criminal Ct","155 E Hays St","Banning","92220-5506","CA"
"Sierra County Sheriff","155 E Lewis","Loyalton","96118-0000","CA"
"Police Dept","1550 Yosemite Blvd # A","Modesto","95354-2842","CA"
"Alameda Police Dept-Jail","1555 Oak St","Alameda","94501-2931","CA"
"Redlands Police Dept","1560 Orange St","Redlands","92374-2205","CA"
"Los Angeles Police Dept","201 N Figueroa St","Los Angeles","90012-2623","CA"
"Willows City Police Dept","201 N Lassen St","Willows","95988-2704","CA"
"Fresno Police Dept","1617 S Cedar Ave","Fresno","93702-4329","CA"
"Sonoma County Sheriff","16255 Church St","Guerneville","95446-0000","CA"
"Riverside County Sheriff Dept","1627 S Hargrave St","Banning","92220-6169","CA"
"Lake Shastina Police Dept","16309 Everhart Dr","Weed","96094-9400","CA"
"Police Dept","1638 Fairgrounds Dr # F","Vallejo","94589-2076","CA"
"Police Dept-Detectives","1663 Butler Ave","Los Angeles","90025-3003","CA"
"Walnut Creek Police Dept","1666 N Main St","Walnut Creek","94596-4609","CA"
"San Jose Police Dept","1671 The Alameda # 100","San Jose","95126-2222","CA"
"Sonoma County Sheriff","16715 Sonoma Hwy","Sonoma","95476-3032","CA"
"Lathrop Police Dept","16775 Howland Rd # 14","Lathrop","95330-9792","CA"
"Santa Monica Criminal Matters","1685 Main St # 310","Santa Monica","90401-3248","CA"
"Santa Monica Police Hdqrs","1685 Main St","Santa Monica","90401-3248","CA"
"Sanger Police Dept","1700 7th St","Sanger","93657-2804","CA"
"Fontana Police Dept","17005 Upland Ave","Fontana","92335-3534","CA"
"San Diego Police Dept","17110 Bernardo Center Dr","San Diego","92128-2002","CA"
"Alturas Police Dept","200 W North St","Alturas","96101-3938","CA"
"Huntington Beach Police Dept","2000 Main St","Huntington Beach","92648-2702","CA"
"San Mateo Police Dept","2000 S Delaware St","San Mateo","94403-1497","CA"
"Fremont Police-Investigations","2000 Stevenson Blvd","Fremont","94538-2336","CA"
"Police Dept","2005 Evergreen Ave # 600","Modesto","95350-3786","CA"
"Gardena Police Dept","1718 W 162nd St","Gardena","90247-3732","CA"
"Los Angeles County Sheriff","1725 Main St # 114","Santa Monica","90401-3264","CA"
"Santa Barbara County Sheriff","1745 Mission Dr","Solvang","93463-3603","CA"
"Sonoma Police Dept","175 1st St W","Sonoma","95476-5655","CA"
"City Of Encinitas Police Dept","175 N El Camino Real","Encinitas","92024-2802","CA"
"Morgan Hill Police Records","17605 Monterey Rd","Morgan Hill","95037-7303","CA"
"Morgan Hill Police Spec Ops","17605 Monterey St","Morgan Hill","95037-7303","CA"
"Stanislaus County Sheriff","17700 Main","Knights Ferry","95361-0000","CA"
"Kern County Sheriff's Dept","1771 State Highway 58","Mojave","93501-1901","CA"
"San Bernardino County Sheriff","1776 Miro Way","Rialto","92376-8602","CA"
"Sheriff Court Svc","17780 Arrow Blvd","Fontana","92335-4000","CA"
"Signal Hill Police Dept","1800 E Hill St","Signal Hill","90806-3798","CA"
"Susanville Police Dept","1801 Main St","Susanville","96130-4518","CA"
"Cerritos Sheriff Station","18325 Bloomfield Ave","Cerritos","90703-0000","CA"
"Long Beach Police-West Div","1835 Santa Fe Ave","Long Beach","90810-4047","CA"
"Barstow Police Dept","1847 E Main St","Barstow","92311-3234","CA"
"Lindsay Police Dept","185 N Gale Hill Ave","Lindsay","93247-2507","CA"
"Pacifica Police Dept","1850 Francisco Blvd","Pacifica","94044-2516","CA"
"Escalon Police Dept","1855 Coley Ave","Escalon","95320-1903","CA"
"San Diego County Sheriff","187 Santar Pl","San Marcos","92069-6451","CA"
"San Bernardino County Sheriff","18958 Institution Rd","San Bernardino","92407-0000","CA"
"Police Dept-Park Station","1899 Waller St","San Francisco","94117-2768","CA"
"Newport Beach Harbor Patrol","1901 Bayside Dr","Corona Del Mar","92625-1846","CA"
"West Valley Police Dept","19020 Vanowen St","Reseda","91335-5114","CA"
"Selma Police Dept","1935 E Front St","Selma","93662-3561","CA"
"Long Beach Police Youth Svc","1957 Pacific Ave","Long Beach","90806-5321","CA"
"Contra Costa Cnty Crime Lab","1960 Muir Rd","Martinez","94553-4800","CA"
"Contra Costa Sheriff","1980 Muir Rd","Martinez","94553-4800","CA"
"San Bernardino Police Dept","1993 Diners Ct","San Bernardino","92408-3330","CA"
"San Jose Police Auditor","2 N 2nd St # 93","San Jose","95113-1340","CA"
"Benicia Police Dept","200 E L St","Benicia","94510-3286","CA"
"Burbank Police Communications","200 N 3rd St","Burbank","91502-1201","CA"
"Ontario Police Dept","200 N Cherry Ave","Ontario","91764-4120","CA"
"Arroyo Grande Police Dept","200 N Halcyon Rd","Arroyo Grande","93420-2525","CA"
"Los Angeles Police Dept","200 N Main St","Los Angeles","90012-4110","CA"
"Police-Investigations-Adult","200 N Pacific Coast Hwy","Redondo Beach","90277-3150","CA"
"Contra Costa County Sheriff","200 O Hara Ave","Oakley","94561-0000","CA"
"Palm Springs Police Dept","200 S Civic Dr","Palm Springs","92262-7201","CA"
"Los Angeles County Sheriff","200 W Compton Blvd","Compton","90220-6676","CA"
"Dixon Police Dept","201 W A St","Dixon","95620-3429","CA"
"San Jose Police Dept","201 W Mission St","San Jose","95110-1701","CA"
"Cotati Police Dept","201 W Sierra Ave","Cotati","94931-4217","CA"
"S F Police Dept Bayview","201 Williams Ave","San Francisco","94124-2558","CA"
"Long Beach Police-Center","2023 Pacific Ave","Long Beach","90806-4609","CA"
"San Bernardino Police Dept","2025 E Highland Ave # G","San Bernardino","92404-4621","CA"
"Madera Police Dept","203 W 4th St","Madera","93637-3589","CA"
"San Diego Police Dept","205 G St","San Diego","92101-6808","CA"
"Modoc County Criminal & Civil","205 S East St","Alturas","96101-4079","CA"
"Shasta County Sheriff's Office","20509 Shasta St","Burney","96013-4134","CA"
"Police Dept-Communications","2055 Lincoln St","Oroville","95966-5325","CA"
"Shasta County Sheriff's Office","2059 Shasta St","Vinton","96135-0000","CA"
"Riverside Police Dept","2060 University Ave","Riverside","92507-5210","CA"
"La Verne City Police Dept","2061 3rd St","La Verne","91750-4404","CA"
"Pasadena Police Jail","207 N Garfield Ave","Pasadena","91101-1748","CA"
"Secret Witness Crime Reporting","207 W Line St","Bishop","93514-3410","CA"
"San Diego County Sheriff","2082 Thibodo Rd","Vista","92083-7919","CA"
"Sheriff Department Civil Div","209 W Yosemite Ave","Madera","93637-3534","CA"
"Oxnard Police Dept","2091 Statham Blvd","Oxnard","93033-3901","CA"
"San Luis Obispo Coast Patrol","2099 10th St","Los Osos","93402-3245","CA"
"Hemet Police Dept-Records","210 N Juanita St","Hemet","92543-4272","CA"
"Inyo Sheriff Substation","210 N Washington St","Lone Pine","93545-0000","CA"
"Oakley Police Dept","210 Ohara Ave","Oakley","94561-5734","CA"
"Crime Prevention & Youth Svc","210 W Temple St # 18-206","Los Angeles","90012-3210","CA"
"Municipal Court Criminal Div","210 W Temple St","Los Angeles","90012-3210","CA"
"Berkeley Police Dept Chief","2100 Martin Luther King Jr Way","Berkeley","94704-1109","CA"
"Thousand Oaks Police Disaster","2101 E Olsen Rd","Thousand Oaks","91360-6861","CA"
"Marina Police Dept","211 Hillcrest Ave","Marina","93933-3534","CA"
"Oxnard Police Dept","211 N Grant Ave","Oxnard","93030-3635","CA"
"Alhambra Police Dept","211 S 1st St","Alhambra","91801-3706","CA"
"Los Angeles Police Dept","2111 E 1st St","Los Angeles","90033-3917","CA"
"California City Police Dept","21130 Hacienda Blvd","California City","93505-2206","CA"
"Sheriff's Dept","21159 Calistoga Rd","Middletown","95461-9300","CA"
"Police Dept-Patrol Svc Bureau","212 Brookside Ave","Redlands","92373-4606","CA"
"Alameda County Criminal Court","2120 Martin Luther King Jr Way","Berkeley","94704-1109","CA"
"Police Review Commission","2121 Mckinley Ave","Berkeley","94703-1519","CA"
"L A County Sheriff Sta-Carson","21356 Avalon Blvd","Carson","90745-2213","CA"
"Santa Paula Animal Control","214 S 10th St","Santa Paula","93060-3704","CA"
"Los Angeles County Sheriff","214 S Fetterly Ave","Los Angeles","90022-1644","CA"
"Yuba County Sheriff","215 5th St","Marysville","95901-5737","CA"
"Santa Barbara Police-Comm Svc","215 E Figueroa St","Santa Barbara","93101-2120","CA"
"Police Dept","215 El Camino Real S","Salinas","93908-8748","CA"
"Los Angeles County Sheriff","215 Sumner Ave","Avalon","90704-0000","CA"
"Watsonville Police Dept","215 Union St","Watsonville","95076-5009","CA"
"San Bernardino County Sheriff","216 Brookside Ave","Redlands","92373-4606","CA"
"Concord Police Dept","2166 Solano Way","Concord","94520-4700","CA"
"Walnut Sheriff's Station","21695 Valley Blvd","Walnut","91789-2019","CA"
"Kensington Police Dept","217 Arlington Ave","Kensington","94707-1401","CA"
"Los Angeles Police Dept-Jail","2175 John S Gibson Blvd","San Pedro","90731-1599","CA"
"Imperial County Sheriff","218 E 1st St","Niland","92257-0000","CA"
"San Mateo County Sheriff","219 Demeter St","East Palo Alto","94303-1304","CA"
"Fresno County Sheriff","21925 W Manning Ave","San Joaquin","93660-0000","CA"
"Police Department-Case Review","22 E Market St","Stockton","95202-2802","CA"
"Barstow Police Dept","220 E Mountain View St # B","Barstow","92311-2839","CA"
"Barstow City Police Adm","220 E Mountain View St","Barstow","92311-2839","CA"
"Lassen County Sheriff","220 S Lassen St # 1","Susanville","96130-4357","CA"
"District Attorney Criminal Div","220 S Lassen St # 8","Susanville","96130-4343","CA"
"Fresno County Sheriff's Dept","2200 Fresno St","Fresno","93721-1703","CA"
"Stanislaus County Sheriff","22113 Highway 33","Crows Landing","95313-9665","CA"
"Santa Maria Police Dept","222 E Cook St","Santa Maria","93454-5193","CA"
"Superior Court-Criminal","222 E Weber Ave","Stockton","95202-2709","CA"
"Salinas Police Investigation","222 Lincoln Ave","Salinas","93901-2639","CA"
"Holtville Police Dept","222 W 4th St","Holtville","92250-1144","CA"
"Anderson Police Dept","2220 North St","Anderson","96007-3437","CA"
"San Ramon Police Dept","2222 Camino Ramon","San Ramon","94583-1350","CA"
"Criminal Div","2233 Shoreline Dr","Alameda","94501-6227","CA"
"Police Dept-Investigations Div","224 N El Dorado St","Stockton","95202-2309","CA"
"Escondido Police Dept","2247 E Valley Pkwy","Escondido","92027-2713","CA"
"Sheriff's Dept","225 E Mountain View St","Barstow","92311-2838","CA"
"San Joaquin Sheriff's Office","225 W Elm St # F","Lodi","95240-2049","CA"
"Municipal Court-Criminal Div","227 N D St","Perris","92570-1946","CA"
"Moreno Valley Police Dept","22850 Calle San Juan De Los","Moreno Valley","92553-0000","CA"
"Lodi Police Dept","230 W Elm St","Lodi","95240-2002","CA"
"Fresno Police Dept-Detectives","2323 Mariposa St","Fresno","93721-2250","CA"
"Sheriff Court Svc","2325 W Main St # 102","Visalia","93291-4599","CA"
"Fresno Police Dept-Records Bur","2326 Fresno St","Fresno","93721-1802","CA"
"San Jose Police Dept","233 Commercial St","San Jose","95112-4402","CA"
"Taraval Police Station","2345 24th Ave","San Francisco","94116-2331","CA"
"San Bernardino Criminal Court","235 E Mountain View St","Barstow","92311-2838","CA"
"Criminal Court","23525 Civic Center Way","Malibu","90265-4804","CA"
"Police Dept","236 Main St","Soledad","93960-2619","CA"
"Terra Bella Sheriff","23656 Avenue 95","Terra Bella","93270-9224","CA"
"Fullerton Police Dept-Records","237 W Commonwealth Ave","Fullerton","92832-1881","CA"
"Santa Clarita Sheriff Station","23740 Magic Mountain Pkwy","Valencia","91355-2102","CA"
"Healdsburg Police Dept","238 Center St","Healdsburg","95448-4402","CA"
"Blythe Police Dept","240 N Spring St","Blythe","92225-1635","CA"
"Mendocino County Sheriff","24000 S Highway 1","Point Arena","95468-0000","CA"
"Tulare County Sheriff-Warrants","2404 Burwell Ave","Visalia","93291-0000","CA"
"Tulare County Sheriff","2404 W Burrel Ave","Visalia","93291-4526","CA"
"Ontario Police Dept","2409 S Vineyard Ave","Ontario","91761-6401","CA"
"East Palo Alto Police Dept","2415 University Ave","East Palo Alto","94303-1164","CA"
"Sierra Madre Police Dept","242 W Sierra Madre Blvd","Sierra Madre","91024-2312","CA"
"Municipal Court-Criminal","24405 Amador St","Hayward","94544-1314","CA"
"Emeryville Police Dept","2449 Powell St","Emeryville","94608-1643","CA"
"Oakdale Police Dept","245 N 2nd Ave","Oakdale","95361-3028","CA"
"Placer County Sheriff","24580 Main St","Foresthill","95631-0000","CA"
"San Diego Police Dept","2469 Broadway","San Diego","92102-2021","CA"
"Shasta County Sheriff","2490 Radio Ln","Redding","96001-3829","CA"
"Fort Bragg Police Dept","250 Cypress St","Fort Bragg","95437-5437","CA"
"Twin Cities Police Authority","250 Doherty Dr","Larkspur","94939-1532","CA"
"Stanislaus Drug Enfrcmnt Agncy","250 E Hackett Rd","Modesto","95358-9415","CA"
"San Diego County Marshall","250 E Main St # C","El Cajon","92020-3991","CA"
"Monterey County Sheriff's Dept","250 Franciscan Way","King City","93930-3454","CA"
"Vallejo Police Dept","250 Georgia St","Vallejo","94590-5930","CA"
"Port Hueneme Police Dept","250 N Ventura Rd","Port Hueneme","93041-3094","CA"
"Turlock Police Dept","250 Starr Ave","Turlock","95380-3325","CA"
"Police Dept-Detective Bureau","250 W Huntington Dr","Arcadia","91007-3401","CA"
"Orange County Harbor Patrol","25005 Dana Dr","Dana Point","92629-3005","CA"
"San Diego Police Dept","2501 Imperial Ave","San Diego","92102-3918","CA"
"Placer County Criminal Court","2501 N Lake Blvd","Tahoe City","96145-0000","CA"
"Los Angeles Police Dept","251 E 6th St","Los Angeles","90014-3459","CA"
"Oxnard Police Dept","251 S C St","Oxnard","93030-5789","CA"
"Laguna Hills Police Dept","25201 Paseo De Alicia","Laguna Hills","92653-4626","CA"
"Contra Costa County Sheriff","2530 Arnold Dr # 140","Martinez","94553-4359","CA"
"Barstow Police Dept","2552 Mercantile Way","Barstow","92311-9417","CA"
"Carlsbad Police Dept Traffic","2560 Orion Way","Carlsbad","92008-7280","CA"
"San Diego Cnty Sheriff's Dept","25704 San Felipe Rd","Warner Springs","92086-9506","CA"
"Sheriff-Work Release","2584 W Sandy Mush Rd","El Nido","95317-0000","CA"
"Ripon Police Dept","259 N Wilma Ave","Ripon","95366-3028","CA"
"County Jail Adm","259 Water St","Santa Cruz","95060-4009","CA"
"Mission Viejo Police Dept","25909 Pala","Mission Viejo","92691-2778","CA"
"San Juan Capistrano Police","25925 Camino Del Avion","San Juan Cpstrno","92675-4302","CA"
"Moorpark Police Dept","26 Flory Ave","Moorpark","93021-1815","CA"
"Orinda Police Dept","26 Orinda Way","Orinda","94563-2519","CA"
"Colusa Police Dept","260 6th St","Colusa","95932-2429","CA"
"Riverside County Sheriffs Dept","260 N Spring St","Blythe","92225-1635","CA"
"Tulare Police Dept","260 S M St","Tulare","93274-4127","CA"
"Davis Police Dept","2600 5th St","Davis","95616-4585","CA"
"Richmond Police Commission","2600 Barrett Ave","Richmond","94804-1654","CA"
"San Bernardino County Sheriff","26010 Highway 189","Twin Peaks","92391-0000","CA"
"Lomita Sheriff Dept","26123 Narbonne Ave","Lomita","90717-2913","CA"
"Orange County Sheriff Dept","2644 Santiago Canyon Rd","Silverado","92676-9791","CA"
"Riverside County Criminal","265 N Broadway","Blythe","92225-1609","CA"
"Oxnard Police Dept","2687 Saviers Rd","Oxnard","93033-4569","CA"
"Sun City Sheriff's Dept","26890 Cherry Hills Blvd","Sun City","92586-2568","CA"
"Kern County Sheriff's Office","26949 Cote St","Boron","93516-1517","CA"
"Highland Police Dept","26985 Baseline St","Highland","92346-6103","CA"
"Coalinga Police Dept","270 N 6th St","Coalinga","93210-1908","CA"
"Malibu Police Dept","27050 Agoura Rd","Agoura Hills","91301-5336","CA"
"Los Angeles Police Dept","2710 W Temple St","Los Angeles","90026-4799","CA"
"San Rafael Police Crime Prvntn","2725 Northgate Mall","San Rafael","94903-3645","CA"
"Ceres Police Dept-Detectives","2727 3rd St","Ceres","95307-3219","CA"
"Merced County Sheriff Dept","2736 Franklin Rd","Merced","95348-9434","CA"
"Palo Alto Police Dept","275 Forest Ave","Palo Alto","94301-2597","CA"
"Temecula Police Dept","27540 Ynez Rd # J9","Temecula","92591-4642","CA"
"Chula Vista Police Dept-Vice","276 4th Ave # A","Chula Vista","91910-2688","CA"
"Chula Vista Police-Burglary","276 4th Ave","Chula Vista","91910-2631","CA"
"Tuolumne County Sheriff","28 Lower Sunset Dr","Sonora","95370-4942","CA"
"Redondo Beach Harbor Patrol","280 Marina Way","Redondo Beach","90277-2088","CA"
"San Diego Cnty Sheriff's Dept","28205 N Lake Wohlford Rd","Valley Center","92082-6742","CA"
"Norco Police Chief","2870 Clark Ave","Norco","92860-1903","CA"
"San Diego County Sheriff","28848 Old Highway 80","Pine Valley","91962-0000","CA"
"Sunset Beach Harbor Patrol","2901 Edinger Ave # C","Huntington Beach","92649-1900","CA"
"Turlock Police Dept","291 Starr Ave","Turlock","95380-3324","CA"
"County Sheriff","30 4th Ave","Happy Camp","96039-0000","CA"
"Police Chief's Office","30 Cajon St","Redlands","92373-4710","CA"
"Contra Costa County Sheriff","30 Glacier Dr","Martinez","94553-4822","CA"
"Tustin Police Dept-Records","300 Centennial Way","Tustin","92780-3715","CA"
"Oxnard Police Dept","300 Clara St","Oxnard","93033-1430","CA"
"American Canyon Sheriffs Dept","300 Crawford Way","American Canyon","94503-1100","CA"
"Los Angeles County Sheriff","300 E Olive Ave","Burbank","91502-1215","CA"
"Los Angeles County Sheriff","300 E Walnut St","Pasadena","91101-1566","CA"
"El Dorado County Sheriff","300 Fair Ln","Placerville","95667-4102","CA"
"Police Department-Records","300 L St","Antioch","94509-1159","CA"
"Sausalito Police Dept","300 Locust St","Sausalito","94965-2907","CA"
"Los Angeles Juveniles Criminal","300 S Park Ave # 620","Pomona","91766-1559","CA"
"Ukiah Police Dept","300 Seminary Ave","Ukiah","95482-5400","CA"
"Police Dept","300 Sonoma Blvd # 1","Vallejo","94590-7854","CA"
"Superior Courts-Criminal Div","300 W Maple Ave","Monrovia","91016-3332","CA"
"Hayward Police Dept-Jail","300 W Winton Ave","Hayward","94544-1137","CA"
"San Francisco Police Dept","301 Eddy St","San Francisco","94102-2606","CA"
"Compton Police Dept","301 S Willowbrook Ave","Compton","90220-3135","CA"
"Inyo County Sheriff","301 W Line St # F","Bishop","93514-3440","CA"
"Biggs","3019 8th St","Biggs","95917-0000","CA"
"Mt Shasta Police Dept","303 N Mount Shasta Blvd","Mt Shasta","96067-2231","CA"
"Visalia Police Dept-Records","303 S Johnson St","Visalia","93291-6135","CA"
"Sheriff's Dept-Court Svc Div","30755 Auld Rd # A","Murrieta","92563-2506","CA"
"Ventura Police Dept","309 E Main St","Ventura","93001-2624","CA"
"Siskiyou County Sheriff","311 Lane St","Yreka","96097-2942","CA"
"Sheriff's Dept-Detectives","826 4th St","Eureka","95501-0516","CA"
"Riverside Bureau-Investigation","82675 Us Highway 111 Fl 4","Indio","92201-5660","CA"
"La Quinta Sheriff Dept","82695 Doctor Carreon Blvd","Indio","92201-6907","CA"
"Atherton Police Dept","83 Ashfield Rd","Atherton","94027-3800","CA"
"San Bernardino Cnty Sheriff","8303 Haven Ave","Rancho Cucamonga","91730-3848","CA"
"Pal Police Activity","832 Whitley Ave","Corcoran","93212-2428","CA"
"Ferndale Police Dept","834 Main St","Ferndale","95536-0000","CA"
"Placer County Marshall","8350 Cook Riolo Rd","Roseville","95747-9215","CA"
"Paso Robles Police Dept","840 10th St","Paso Robles","93446-2592","CA"
"Reedley Police-Community Svc","843 G St","Reedley","93654-2625","CA"
"Reedley Police Detective Div","845 G St","Reedley","93654-2625","CA"
"Sheriff's Dept","845 Imperial Beach Blvd","Imperial Beach","91932-2796","CA"
"Police Dept-Southern","850 Bryant St # 100","San Francisco","94103-4610","CA"
"Police Dept-Traffic Enfrcmnt","850 Bryant St # 150","San Francisco","94103-4610","CA"
"San Francisco Criminal Court","850 Bryant St # 201","San Francisco","94103-4610","CA"
"Police Dept-Investigations Bur","850 Bryant St # 400","San Francisco","94103-4610","CA"
"Police Dept-Warrant Section","850 Bryant St # 460","San Francisco","94103-4603","CA"
"Police Dept-Identification","850 Bryant St # 475","San Francisco","94103-4605","CA"
"Police Dept-Planning Div","850 Bryant St # 500","San Francisco","94103-4603","CA"
"Police Commission","850 Bryant St # 505","San Francisco","94103-4603","CA"
"San Francisco Police Chief","850 Bryant St # 525","San Francisco","94103-4603","CA"
"Police Dept-Field Operations","850 Bryant St # 535","San Francisco","94103-4603","CA"
"Police Dept-Management Control","850 Bryant St # 545","San Francisco","94103-4603","CA"
"Police Dept-Public Affairs","850 Bryant St # 549","San Francisco","94103-4603","CA"
"Police Dept- Exam Div","850 Bryant St # 577-13","San Francisco","94103-4603","CA"
"Police Dept-Property Control","850 Bryant St # G25","San Francisco","94103-4603","CA"
"Police Dept-Recruiting","850 Bryant St","San Francisco","94103-4603","CA"
"Marin County Sheriff's Dept","850 Drake Ave","Sausalito","94965-1111","CA"
"Morro Bay Police Dept","850 Morro Bay Blvd","Morro Bay","93442-2332","CA"
"Kerman City Police Dept","850 S Madera Ave","Kerman","93630-1741","CA"
"South Gate Police Dept","8620 California Ave","South Gate","90280-3073","CA"
"Riverside Police Dept","8636 California Ave","Riverside","92504-2860","CA"
"Los Angeles County Sheriff","8640 California Ave","South Gate","90280-3004","CA"
"Tulare County Sheriff","87 E Morton Ave","Porterville","93257-2465","CA"
"Newport Beach Police Dept-Jail","870 Santa Barbara Dr","Newport Beach","92660-6303","CA"
"Police Dept Licenses","875 Stevenson St","San Francisco","94103-0901","CA"
"Police Dept","8770 S Mendocino Ave # A","Parlier","93648-2268","CA"
"Alpine County Sheriff's Dept S","88 Bear Valley Rd # 1","Bear Valley","95223-9997","CA"
"Pinole Police Dept","880 Tennent Ave","Pinole","94564-1764","CA"
"San Diego County Sheriff","8811 Cuyamaca St","Santee","92071-4220","CA"
"Temple City Sheriff","8838 Las Tunas Dr","Temple City","91780-1820","CA"
"County Sheriff Civil Div","891 Mountain Ranch Rd","San Andreas","95249-9713","CA"
"Santa Cruz County Sheriff","90 Rountree Ln","Watsonville","95076-9457","CA"
"Los Angeles County Sheriff","900 3rd St # 1081","San Fernando","91340-2926","CA"
"Los Angeles County Criminal","900 3rd St # 1137","San Fernando","91340-2905","CA"
"Sacramento Police Dept","900 8th St","Sacramento","95814-2506","CA"
"Turlock Police Dept","900 N Palm St","Turlock","95380-3360","CA"
"Riverside Police Dept","9000 Arlington Ave # 112","Riverside","92503-1265","CA"
"San Leandro Police Detective","901 E 14th St","San Leandro","94577-3729","CA"
"Long Beach Police Dept-Towing","901 W Anaheim St","Long Beach","90813-2823","CA"
"Citizen Patrol","908 Park Ave","Calimesa","92320-1148","CA"
"Police Dept-Crime Prevention","909 Machin Ave","Novato","94945-3240","CA"
"Siskiyou County Sheriff","909 S Mount Shasta Blvd","Mt Shasta","96067-2720","CA"
"Farmersville Police Dept","909 W Visalia Rd","Farmersville","93223-1843","CA"
"San Fernando Police-Detectives","910 1st St","San Fernando","91340-2928","CA"
"Shingletown Sheriff","31185 State Highway 44","Shingletown","96088-9311","CA"
"Santa Barbara County Sheriff","312 E Cook St # O","Santa Maria","93454-5162","CA"
"San Mateo County Sheriff Dept","3121 Middlefield Rd","Redwood City","94063-3731","CA"
"Citizens Volunteer Patrol","31232 Highway 44 # 3","Shingletown","96088-0000","CA"
"San Joaquin County Sheriff","315 E Center St","Manteca","95336-4625","CA"
"Kern County Sheriff's Office","315 N Lincoln St","Taft","93268-1732","CA"
"Marysville Police Dept","316 6th St","Marysville","95901-5541","CA"
"Nevada City Police Dept","317 Broad St","Nevada City","95959-2405","CA"
"Winters Police Dept","318 1st St # A","Winters","95694-1923","CA"
"Upland Police Dept","318 S Mountain Ave","Upland","91786-7016","CA"
"Taft City Police Dept","320 Commerce Way","Taft","93268-9759","CA"
"Waterford Police Dept","320 E St","Waterford","95386-9005","CA"
"Monterey Park Police Comm","320 W Newmark Ave","Monterey Park","91754-2818","CA"
"Crime Prevention & Youth Svc","320 W Temple St # 1162","Los Angeles","90012-3289","CA"
"Tracy Police Dept","3200 Naglee Rd","Tracy","95304-7316","CA"
"Los Alamitos Police Dept","3201 Katella Ave","Los Alamitos","90720-5601","CA"
"Riverside Police Dept","321 E Alessandro Blvd # 2a2","Riverside","92508-2465","CA"
"Solano Cnty Sheriffs Office","321 Tuolumne St","Vallejo","94590-5700","CA"
"County Sheriff","324 N Pine St","Dorris","96023-0000","CA"
"Plumas County Sheriff","324 S Gulling St","Portola","96122-9624","CA"
"San Diego County Sheriff","3240 Main St","Lemon Grove","91945-1705","CA"
"Vista Sheriff's Dept","325 S Melrose Dr # 210","Vista","92083-6694","CA"
"San Diego County Sheriff","325 S Melrose Dr # 2400","Vista","92083-6692","CA"
"San Bernardino Sheriff","32770 Old Woman Springs Rd","Lucerne Valley","92356-0000","CA"
"Imperial County Sheriff","328 Applestille Rd","El Centro","92243-9661","CA"
"S San Francisco Police Dept","33 Arroyo Dr # C","S San Francisco","94080-3153","CA"
"Jackson Police Dept","33 Broadway # D","Jackson","95642-2301","CA"
"Butte County Sheriff-Coroner","33 County Center Dr","Oroville","95965-3334","CA"
"Ross Police Dept","33 Sir Francis Drake Blvd","Ross","94957-0000","CA"
"Pleasant Hill Police Dept","330 Civic Dr","Pleasant Hill","94523-1998","CA"
"Torrance Police Dept-Detective","3300 Civic Center Dr N","Torrance","90503-5016","CA"
"Ventura Police Dept","3301 E Main St","Ventura","93003-5076","CA"
"Fresno County Sheriff-Crime","3302 N Blackstone Ave # 240","Fresno","93726-5300","CA"
"Fresno County Sheriff's Office","33155 Auberry Rd","Auberry","93602-9603","CA"
"Daly City Police Records Div","333 90th St","Daly City","94015-1808","CA"
"Long Beach Police-Internal Afr","333 W Broadway # 302","Long Beach","90802-4438","CA"
"Lake Elsinore Police Dept","333 W Limited St","Lake Elsinore","92530-3746","CA"
"Citizen-Police Complaint Comm","333 W Ocean Blvd Fl 2","Long Beach","90802-4604","CA"
"Police Department-Narcotics","3333 M St","Merced","95348-2714","CA"
"Sonoma County Sheriff","3333 Skaggs Springs Rd","Geyserville","95441-9465","CA"
"San Bernardino Police Dept","334 W Base Line St","San Bernardino","92410-3518","CA"
"Sacramento County Sheriff Dept","3341 Power Inn Rd # 313","Sacramento","95826-3835","CA"
"Los Angeles Police Dept","3353 N San Fernando Rd","Los Angeles","90065-1416","CA"
"Palos Verdes Ests Police Dept","340 Palos Verdes Dr W","Palos Vrds Ests","90274-1212","CA"
"Los Angeles Police Dept","3400 S Central Ave","Los Angeles","90011-2520","CA"
"Police Dept","34009 Alvarado Niles Rd","Union City","94587-4452","CA"
"San Francisco Police Juvenile","3401 17th St","San Francisco","94110-1112","CA"
"Los Angeles Police Dept","3401 N San Fernando Rd","Los Angeles","90065-1418","CA"
"San Bernardino County Police","34282 Yucaipa Blvd","Yucaipa","92399-2434","CA"
"Patterson Police Dept","344 W Las Palmas Ave","Patterson","95363-2541","CA"
"Cathedral Police Dept Market","34481 Date Palm Dr # C","Cathedral City","92234-6842","CA"
"El Segundo Police Dept","348 Main St","El Segundo","90245-3885","CA"
"San Francisco Pal","350 Amber Dr # 511","San Francisco","94131-1630","CA"
"San Francisco Police Academy","350 Amber Dr","San Francisco","94131-1630","CA"
"Porterville Police-Chief","350 N D St","Porterville","93257-3651","CA"
"Police Dept","350 N Valencia Blvd","Woodlake","93286-1244","CA"
"Moraga Town Police Dept","350 Rheem Blvd","Moraga","94556-1591","CA"
"Los Angeles County Sheriff","350 W Mission Blvd # 109","Pomona","91766-1607","CA"
"Marin County Sheriff's Dept","3501 Civic Center Dr # 145","San Rafael","94903-4167","CA"
"Monterey Police Patrol Div","351 Madison St","Monterey","93940-2613","CA"
"Combat","351 Main St","Brawley","92227-2419","CA"
"Westmorland City Police Dept","355 S Center St","Westmorland","92281-0000","CA"
"Sacramento Police Dept","3550 Marysville Blvd","Sacramento","95838-4515","CA"
"Tulare County Sheriff-Juvenile","36008 Road 112","Visalia","93291-9517","CA"
"Mono County Sheriff","3609 Crowley Lake Dr","Crowley Lake","93546-0000","CA"
"Huron Police Dept","36389 S Lassen Ave","Huron","93234-0000","CA"
"Riverside Police Dept-Magnolia","3647 Riverside Plz","Riverside","92506-2722","CA"
"Monterey Police Chief","366 Madison St","Monterey","93940-0000","CA"
"Lafayette Police Dept","3675 Mt Diablo Blvd # 130","Lafayette","94549-3774","CA"
"Camarillo Police Dept","3701 Las Posas Rd","Camarillo","93010-1408","CA"
"Modesto Police Dept-NE Area","3705 Oakdale Rd","Modesto","95357-0723","CA"
"Newark Police Dept-Evidence","37101 Newark Blvd","Newark","94560-3727","CA"
"San Diego Police Dept","3750 Sports Arena Blvd # 3","San Diego","92110-5133","CA"
"San Diego County Sheriff","378 Sheridan Rd","Campo","91906-0000","CA"
"Fresno Police Dept","3789 N Hughes Ave","Fresno","93705-2341","CA"
"Tulare County Sheriff's Office","379 N 3rd St","Porterville","93257-3854","CA"
"Galt Police Dept-Detectives","380 Civic Dr","Galt","95632-2039","CA"
"Riverside Police Dept","3816 La Sierra Ave","Riverside","92505-3528","CA"
"Imperial County Sheriff","383 Main St","Brawley","92227-2414","CA"
"San Diego Police Dept","3840 Valley Centre Dr","San Diego","92130-3306","CA"
"Oceanside Police Dept","3855 Mission Ave","Oceanside","92054-1882","CA"
"Broadmoor Police Dept","388 88th St","Daly City","94015-1717","CA"
"Fallbrook Sheriffs Dept","388 Alvarado St","Fallbrook","92028-0000","CA"
"Riverside Community Police Rvw","3900 Main St","Riverside","92522-0001","CA"
"Simi Valley Police Station","3901 Alamo St","Simi Valley","93063-2102","CA"
"Humboldt County Sheriff's Ofc","39043 Highway 299","Willow Creek","95573-0000","CA"
"San Diego Police Dept","3905 Adams Ave","San Diego","92116-2232","CA"
"Alameda County Criminal Court","39439 Paseo Padre Pkwy","Fremont","94538-4742","CA"
"Hollister Police Dept","395 Apollo Way","Hollister","95023-2557","CA"
"Riverside Police Dept","3956 University Ave","Riverside","92501-3230","CA"
"San Diego Police Dept","3960 30th St","San Diego","92104-3005","CA"
"Police Dept-Silent Witness","39710 Civic Center Dr","Fremont","94538-2359","CA"
"San Diego County Sheriff","39919 Highway 94","Boulevard","91905-0000","CA"
"Kern County Sheriff's Dept","400 California","Maricopa","93252-0000","CA"
"Los Angeles County Sheriff","400 Civic Center Plz # 705","Pomona","91766-3201","CA"
"San Mateo County Sheriff Emer","400 County Ctr","Redwood City","94063-1668","CA"
"Imperial Police Dept","400 S Imperial Ave","Imperial","92251-1637","CA"
"Criminal Justice Council","400 Van Ness Ave # 424","San Francisco","94102-4602","CA"
"S F Sheriff's Dept","400 Van Ness Ave # 456","San Francisco","94102-4602","CA"
"Long Beach Police-South Div","400 W Broadway # 231","Long Beach","90802-4401","CA"
"Long Beach Police Dept-Traffic","400 W Broadway # 235","Long Beach","90802-4401","CA"
"Long Beach Police-Patrol Adm","400 W Broadway # 261","Long Beach","90802-4401","CA"
"Long Beach Police Reserve Ofc","400 W Broadway # 262","Long Beach","90802-4401","CA"
"Long Beach Chief Of Police Ofc","400 W Broadway # 328","Long Beach","90802-4401","CA"
"Long Beach Police-Narcotics","400 W Broadway # 334","Long Beach","90802-4401","CA"
"Long Beach Police Dept-Vice","400 W Broadway # 336","Long Beach","90802-4401","CA"
"Automobile-Theft","400 W Broadway # 339","Long Beach","90802-4401","CA"
"Long Beach Police-Property","400 W Broadway Fl 5","Long Beach","90802-4401","CA"
"Long Beach Police Dept Adm","400 W Broadway","Long Beach","90802-4401","CA"
"Murrieta Police Dept","40080 California Oaks Rd","Murrieta","92562-3862","CA"
"Richmond Police Dept","401 27th St","Richmond","94804-1792","CA"
"Police Dept-Records","401 Diamond St","Redondo Beach","90277-2836","CA"
"Placentia Police-Crime Prvntn","401 E Chapman Ave","Placentia","92870-6101","CA"
"County Sheriff","401 Escobar St","Martinez","94553-1516","CA"
"Modesto Police Dept-SW Area","401 Paradise Rd # D","Modesto","95351-3104","CA"
"Kern County Sheriffs Dept","401 W Kern Ave","Mc Farland","93250-1352","CA"
"Ojai Police Dept","402 S Ventura St","Ojai","93023-3249","CA"
"Riverside County Sheriff Dept","403 E 4th St","Perris","92570-2230","CA"
"Piedmont Police Detectives","403 Highland Ave","Piedmont","94611-4025","CA"
"Culver City Police Dept","4040 Duquesne Ave","Culver City","90232-2804","CA"
"San Bernardino Sheriff's Dept","4050 Phelan Rd # 2","Phelan","92371-4454","CA"
"San Bernardino County Sheriff","4050 Phelan Rd","Phelan","92371-4454","CA"
"Rocklin Police Dept","4060 Rocklin Rd","Rocklin","95677-2722","CA"
"Madera County Sheriff's Dept","40601 Road 274","Bass Lake","93604-9715","CA"
"Trinidad Police Dept","409 Trinity St","Trinidad","95570-0000","CA"
"Riverside County Sheriff","4095 Lemon St","Riverside","92501-3600","CA"
"Riverside County Criminal Div","4100 Main St","Riverside","92501-3626","CA"
"Airport Terminal Police","41000 20th St E","Palmdale","93550-2111","CA"
"Riverside Police Dept","4102 Orange St","Riverside","92501-3671","CA"
"Yreka Police Dept","412 W Miner St","Yreka","96097-2899","CA"
"Sheriff Granite Bay Svc Ctr","4120 Douglas Blvd # 303","Granite Bay","95746-5936","CA"
"Wheatland Police Dept","413 2nd St","Wheatland","95692-9457","CA"
"Municipal Court Criminal Div","4130 Overland Ave","Culver City","90230-3788","CA"
"Tulare Sheriff's Office","41414 Road 128","Orosi","93647-2211","CA"
"Police Dept","415 Bassett St","King City","93930-2988","CA"
"Superior Court-Criminal Record","415 W Ocean Blvd # 405","Long Beach","90802-4545","CA"
"Municipal Courts-Criminal Info","415 W Ocean Blvd","Long Beach","90802-4512","CA"
"Yolo County Sheriff-Civil Div","41793 Gibson Rd","Woodland","95776-9327","CA"
"Manhattan Beach Police Dept","420 15th St","Manhattan Beach","90266-4607","CA"
"Calexico Police Dept-Pal Ofc","420 E 5th St","Calexico","92231-2894","CA"
"Dinuba Police Dept","420 E Tulare St","Dinuba","93618-2309","CA"
"Capitola Police Dept","422 Capitola Ave","Capitola","95010-3397","CA"
"Imperial City Police Dept","424 S Imperial Ave","Imperial","92251-1637","CA"
"Ventura CO Criminal Justice","425 Durley Ave","Camarillo","93010-9100","CA"
"Hanford Police Dept","425 N Irwin St","Hanford","93230-4425","CA"
"Anaheim Police Dept","425 S Harbor Blvd","Anaheim","92805-3773","CA"
"Police Dept","4275 Eastgate Mall","La Jolla","92037-1338","CA"
"Santa Paula Police Dare","431 N 13th St","Santa Paula","93060-2303","CA"
"San Diego Police Dept","4310 Landis St","San Diego","92105-2612","CA"
"Maywood Police Dept","4317 Slauson Ave","Maywood","90270-2841","CA"
"Stanislaus County Sheriff","4326 Main St # E","Denair","95316-9592","CA"
"Los Angeles County Sheriff","4331 Lennox Blvd","Inglewood","90304-2367","CA"
"Riverside County Sheriff Dept","43950 Acacia Ave","Hemet","92544-5395","CA"
"Seaside Police Dept","440 Harcourt Ave","Seaside","93955-4708","CA"
"Etna Police Dept","440 Main","Etna","96027-0000","CA"
"Santa Barbara Criminal Records","4434 Calle Real","Santa Barbara","93110-1002","CA"
"Santa Barbara Sheriff-Jail","4436 Calle Real","Santa Barbara","93110-1002","CA"
"Police Dept Community Relation","4439 Olney St","San Diego","92109-4741","CA"
"Los Banos Police Dept","444 J St","Los Banos","93635-4141","CA"
"Covina Police Dept Jail Info","444 N Citrus Ave","Covina","91723-2065","CA"
"Merced County Sheriff","445 I St","Los Banos","93635-4116","CA"
"San Diego Community Relations","446 26th St","San Diego","92102-3026","CA"
"Sutter County Criminal Court","446 2nd St","Yuba City","95991-5525","CA"
"Hawthorne City Police Svc","4460 W 126th St","Hawthorne","90250-4402","CA"
"Guadalupe Police Dept","4490 10th St","Guadalupe","93434-1420","CA"
"Indian Wells Sheriff's Dept","44950 El Dorado Dr","Indian Wells","92210-7414","CA"
"Municipal Court-Criminal","45 Civic Ave","Pittsburg","94565-3814","CA"
"Police-Evidence & Property","450 E Latham Ave","Hemet","92543-4224","CA"
"Belvedere Police Dept","450 San Rafael Ave","Belvedere Tibrn","94920-2336","CA"
"Los Angeles County Sheriff","4500 City Terrace Dr","Los Angeles","90063-1010","CA"
"Sheriff's Dept","451 4th St","Hollister","95023-3840","CA"
"La County Mira Loma Sheriff","45100 60th St W","Lancaster","93536-7607","CA"
"Oakland Police Youth Svc Div","455 7th St # 425","Oakland","94607-3940","CA"
"Oakland Police Dept","455 7th St","Oakland","94607-3985","CA"
"Los Angeles County Sheriff","4554 Briggs Ave","La Crescenta","91214-3101","CA"
"Folsom City Police Admin","46 Natoma St","Folsom","95630-2614","CA"
"Richmond Police Station","461 6th Ave","San Francisco","94118-3009","CA"
"Stanislaus County Sheriff","4613 Broadway","Salida","95368-9308","CA"
"Riverside Cnty Criminal Court","46200 Oasis St # 314","Indio","92201-5903","CA"
"Beverly Hills Police","464 N Rexford Dr","Beverly Hills","90210-4873","CA"
"Indio Police Chief","46800 Jackson St","Indio","92201-6040","CA"
"Police Dept Community Relation","4690 Market St","San Diego","92102-4761","CA"
"Tulelake Police Dept","470 C St","Tulelake","96134-0000","CA"
"Merced Police Dept","470 W 11th St","Merced","95340-6046","CA"
"Los Angeles County Sheriff","4700 W Ramona Blvd Fl 4","Monterey Park","91754-2156","CA"
"County Sheriff Recruitment","4700 W Ramona Blvd","Monterey Park","91754-2156","CA"
"San Diego Police Dept","4731 Clairemont Dr","San Diego","92117-2743","CA"
"Municipal Court-Criminal Div","475 E 10th St","Tracy","95376-4007","CA"
"Sheriff Dept","4755 Shasta Dam Blvd","Shasta Lake","96019-9433","CA"
"Big Bear Lake Police Dept","477 Summit Blvd","Big Bear Lake","92315-0000","CA"
"San Francisco Police Dept","480 2nd St # 100","San Francisco","94107-1429","CA"
"Long Beach Police-East Substa","4800 E Los Coyotes Diagonal","Long Beach","90815-2827","CA"
"Pleasanton Police Dept","4833 Bernal Ave","Pleasanton","94566-1220","CA"
"San Diego Community Relations","4844 University Ave # 110","San Diego","92105-8021","CA"
"Los Angeles Police Dept","4861 Venice Blvd","Los Angeles","90019-5664","CA"
"Long Beach Police-North Substa","4891 Atlantic Ave","Long Beach","90807-1421","CA"
"Pomona Police Detective Svc","490 W Mission Blvd","Pomona","91766-1608","CA"
"Madera County Sheriff","490743 Civic Cir","Oakhurst","93644-0000","CA"
"Mariposa County Sheriff's Ofc","4963 10th St","Mariposa","95338-0000","CA"
"San Diego Police Dept","5 Horton Plz","San Diego","92101-6143","CA"
"Sheriff-Civil Div","50 Abernathy Ln","Quincy","95971-9715","CA"
"Brisbane Police Dept","50 Park Ln","Brisbane","94005-1310","CA"
"San Diego County Sheriff","500 3rd Ave","Chula Vista","91910-5646","CA"
"Amador County Criminal Court","500 Argonaut Ln","Jackson","95642-9534","CA"
"Brentwood Police Dept","500 Chestnut St","Brentwood","94513-1304","CA"
"Avenal Sheriff Dept","501 E Kings St","Avenal","93204-1732","CA"
"Lancaster Police Dept","501 W Lancaster Blvd","Lancaster","93534-2515","CA"
"L A County Sheriff","5019 E 3rd St","Los Angeles","90022-1632","CA"
"Tehama County Sheriff","502 Oak St","Red Bluff","96080-3356","CA"
"Laguna Beach Police-Parking","505 Forest Ave","Laguna Beach","92651-2332","CA"
"Los Angeles County Sheriff","505 S Centre St # 206","San Pedro","90731-3332","CA"
"Los Angeles County Criminal Ct","505 S Centre St","San Pedro","90731-3332","CA"
"Irwindale City Police Dept","5050 Irwindale Ave","Irwindale","91706-2133","CA"
"Security Police","510 Airlift Dr","Travis Afb","94535-2443","CA"
"Danville Police Dept","510 La Gonda Way","Danville","94526-1742","CA"
"Montclair City Police Dept","5111 Benito St","Montclair","91763-2808","CA"
"Imperial County Sheriff","513 2nd Ave","Winterhaven","92283-0000","CA"
"La Cnty","5130 Clark Ave","Lakewood","90712-2605","CA"
"Woodland Police Dept","520 Court St","Woodland","95695-3424","CA"
"San Diego Police Dept West Div","5215 Gaines St","San Diego","92110-2639","CA"
"Fillmore Police Dept","524 Sespe Ave","Fillmore","93015-1993","CA"
"Martinez Police Dept","525 Henrietta St","Martinez","94553-2395","CA"
"Cypress Police Dept","5275 Orange Ave","Cypress","90630-2957","CA"
"Municipal Court-Criminal Div","530 Union Ave # 200","Fairfield","94533-6306","CA"
"San Diego County Sheriff Dept","531 Sweetwater Rd","Spring Valley","91977-5627","CA"
"San Diego Police Dept","5319 Orange Ave","San Diego","92115-6016","CA"
"Colusa County Sheriff-Civil","532 Oak St","Colusa","95932-2539","CA"
"Alameda County Sheriff's Dept","5325 Broder Blvd","Dublin","94568-3309","CA"
"Half Moon Bay Police Dept","537 Kelly St","Half Moon Bay","94019-1719","CA"
"Long Beach Police-Storefront","539 W 9th St","Long Beach","90813-4173","CA"
"Hermosa Beach Police Dept","540 Pier Ave","Hermosa Beach","90254-3893","CA"
"Concord Police Dept","5400 Ygnacio Valley Rd # A8b","Concord","94521-3834","CA"
"Glenn County Sheriff's Office","543 W Oak St","Willows","95988-2939","CA"
"Stanislaus County Sheriff","5463 7th St","Keyes","95328-0000","CA"
"Santa Clara County Sheriff","55 W Younger Ave","San Jose","95110-1712","CA"
"West Sacramento Police Dept","550 Jefferson Blvd","Broderick","95605-2349","CA"
"Weed City Police Dept","550 Main St","Weed","96094-2330","CA"
"Orange County Sheriff","550 N Flower St","Santa Ana","92703-2361","CA"
"Inyo County Sheriff","550 S Clay St","Independence","93526-0000","CA"
"Atascadero Police Dept","5505 El Camino Real","Atascadero","93422-3371","CA"
"Sacramento County Sheriff Dept","5510 Garfield Ave","Sacramento","95841-2909","CA"
"Red Bluff Police Records","555 Washington St","Red Bluff","96080-3433","CA"
"Police Administration","5595 Black Olive Dr","Paradise","95969-4606","CA"
"Maywood City Police Yard","5600 Heliotrope Ave","Maywood","90270-3025","CA"
"San Diego Cnty Sheriff's Dept","565 Palm Canyon Dr","Borrego Springs","92004-0000","CA"
"San Bruno Police Dept","567 El Camino Real","San Bruno","94066-4247","CA"
"Costa Mesa Police Dept","567 W 18th St","Costa Mesa","92627-2760","CA"
"Alameda County Sheriff's Dept","5672 Stoneridge Dr","Pleasanton","94588-8560","CA"
"San Bernardino Police Officers","568 N Mountain View Ave","San Bernardino","92401-1218","CA"
"Mammoth Lakes Police Dept","568 Old Mammoth Rd","Mammoth Lakes","93546-0000","CA"
"Thermal Ofc Community Svc","56850 Tyler St","Thermal","92274-9702","CA"
"Claremont City Police Dept","570 W Bonita Ave","Claremont","91711-4626","CA"
"Carpinteria Police Dept","5775 Carpinteria Ave","Carpinteria","93013-2603","CA"
"Pacific Grove Police Dept","580 Pine Ave","Pacific Grove","93950-3335","CA"
"Sheriff Dept-Civil Div","589 Low Gap Rd","Ukiah","95482-3734","CA"
"Siskiyou County Sheriffs Ofc","5902 Dunsmuir Ave","Dunsmuir","96025-2332","CA"
"Etna Sheriff","591 Collier Way","Etna","96027-0000","CA"
"La Mesa Police-Retired Senior","5915 Severin Dr","La Mesa","91942-3806","CA"
"Santa Ana Police Community","60 Civic Center Plz","Santa Ana","92701-4010","CA"
"Modesto Police DEPT-Dare","600 10th St","Modesto","95354-3506","CA"
"Sonoma County Sheriff","600 Administration Dr # 103j","Santa Rosa","95403-2874","CA"
"Los Angeles County Criminal Ct","600 E Broadway","Glendale","91206-4304","CA"
"San Carlos Police Dept","600 Elm St","San Carlos","94070-3018","CA"
"District Attorney-Criminal Div","600 Union Ave","Fairfield","94533-6324","CA"
"Clayton City Police Dept","6000 Heritage Trl","Clayton","94517-1249","CA"
"Modesto Police Dept-Patrol","601 11th St","Modesto","95354-3510","CA"
"Santa Clara Police Dept","601 El Camino Real","Santa Clara","95050-4307","CA"
"Eureka Police Chief","604 C St","Eureka","95501-0341","CA"
"California Correctional Peace","6041 N 1st St","Fresno","93710-5444","CA"
"Modesto Police Dept-Traffic","610 10th St","Modesto","95354-3506","CA"
"Merced Police Dept","611 W 22nd St","Merced","95340-3737","CA"
"San Diego Police Dept","615 Prospect St","La Jolla","92037-4226","CA"
"Kern County Sheriff's Dept","617 Monterey Trl # C","Frazier Park","93225-0000","CA"
"Police Dept-Crime Prvntn","621 11th St","Fortuna","95540-2346","CA"
"Millbrae City Police Dept","621 Magnolia Ave","Millbrae","94030-1852","CA"
"Citrus Heights Police Dept","6229 Fountain Square Dr","Citrus Heights","95621-5577","CA"
"Valley Traffic Div-Detectives","6240 Sylmar Ave","Van Nuys","91401-2707","CA"
"San Gabriel Police Dept","625 S Del Mar Ave","San Gabriel","91776-2409","CA"
"Alameda Cnty Sheriff Training","6280 Madigan Dr","Dublin","94568-0000","CA"
"Vacaville Police Dept","630 Merchant St","Vacaville","95688-6908","CA"
"Mission Police Station","630 Valencia St","San Francisco","94110-1126","CA"
"Bell Police Dept","6326 Pine Ave","Bell","90201-1290","CA"
"S F Sheriff Dept-Civil Div","633 Folsom St # 200","San Francisco","94107-3600","CA"
"Ventura Police Dept","6368 Bristol Rd","Ventura","93003-6710","CA"
"Tulare County Sheriff's Office","640 S Alta Ave","Dinuba","93618-2654","CA"
"Contra Costa Cnty Criminal Ct","640 Ygnacio Valley Rd","Walnut Creek","94596-3820","CA"
"Los Angeles Police Dept","6464 W Sunset Blvd","Los Angeles","90028-8001","CA"
"Humboldt County Sheriff's Dept","648 Locust St","Garberville","95542-3228","CA"
"Pittsburg Police Dept","65 Civic Ave","Pittsburg","94565-3814","CA"
"San Luis Obispo Sheriff","65 N Main St # 105","Templeton","93465-0000","CA"
"Sheriff Office-Civil Div","650 5th St","Crescent City","95531-3918","CA"
"Del Rey Oaks Police Dept","650 Canyon Del Rey Blvd","Del Rey Oaks","93940-5505","CA"
"Colton Police Dept","650 N La Cadena Dr","Colton","92324-2823","CA"
"County Crime Lab Central Id","651 Pine St","Martinez","94553-1229","CA"
"San Bernardino Sheriff's Dept","6527 White Feather Rd","Joshua Tree","92252-6604","CA"
"Huntington Park Police Dept","6542 Miles Ave","Huntington Park","90255-4386","CA"
"Isla Vista Foot Patrol","6546 Pardall Rd # A","Goleta","93117-4842","CA"
"Los Angeles County Sheriff","6548 Miles Ave","Huntington Park","90255-4318","CA"
"Grand Terrace Police Dept","655 E 3rd St","San Bernardino","92415-1017","CA"
"Criminal Courts","655 Oleander Ave","Chico","95926-3924","CA"
"Yountville Sheriff","6550 Yount St","Yountville","94599-1271","CA"
"Lemoore Police-Animal Control","657 Fox St","Lemoore","93245-2602","CA"
"Desert Hot Springs Sheriff","65950 Pierson Blvd","Desert Hot Spgs","92240-3006","CA"
"Beaumont City Police Dept","660 Orange Ave","Beaumont","92223-2200","CA"
"Merced County Sheriff's Office","6600 N Winton Way","Winton","95388-0000","CA"
"Police Dept","663 E San Ysidro Blvd","San Ysidro","92173-3112","CA"
"Pico Rivera Sheriff Dept","6631 Passons Blvd","Pico Rivera","90660-3645","CA"
"Buena Park Police Dept","6650 Beach Blvd","Buena Park","90621-2905","CA"
"San Mateo Criminal Justice","666 Elm St","San Carlos","94070-3018","CA"
"Municipal Court-Criminal","670 W 22nd St","Merced","95340-3730","CA"
"Riverbank Police Dept","6727 3rd St","Riverbank","95367-2305","CA"
"Rio Dell Police Dept","675 Wildwood Ave","Rio Dell","95562-1598","CA"
"Police Dept","680 S Alta Ave","Visalia","93277-0000","CA"
"Cathedral Police Dept-North","68100 Ramon Rd","Cathedral City","92234-3387","CA"
"Gustine Police Dept","682 3rd Ave","Gustine","95322-1102","CA"
"Gridley Police Dept","685 Kentucky St","Gridley","95948-2117","CA"
"Sebastopol Police Dept","6850 Laguna Pkwy","Sebastopol","95472-3474","CA"
"Crescent City Police","686 G St","Crescent City","95531-3738","CA"
"Cathedral City Police Dept","68700 Avenida Lalo Guerrero","Cathedral City","92234-1208","CA"
"Williams Police Dept","688 7th St","Williams","95987-0000","CA"
"Cathedral Police Dept-South","69038 E Palm Canyon Dr","Cathedral City","92234-1423","CA"
"San Diego Police Dept","6919 Paradise Valley Rd # 9","San Diego","92139-1225","CA"
"Campbell Police Dept","70 N 1st St","Campbell","95008-1497","CA"
"Santa Barbara County Sheriff","70 Newsome St","Cuyama","93254-9711","CA"
"Amador County Sheriff","700 Court St","Jackson","95642-2130","CA"
"Police Dept Range","700 John Muir Dr","San Francisco","94132-0000","CA"
"Coronado Police Dept","700 Orange Ave","Coronado","92118-2234","CA"
"Mendocino County Sheriff","700 S Franklin St # 110","Fort Bragg","95437-5464","CA"
"Sheriff-Detective Div","700 W 22nd St","Merced","95340-3638","CA"
"Escondido Police Dept","700 W Grand Ave","Escondido","92025-2595","CA"
"Sheriff's Department-Civil Svc","7000 Michael Canlis Way","French Camp","95231-9781","CA"
"Sheriff's Dept","7000 S Center Dr","Clearlake","95422-8131","CA"
"Police Dept-Crime Prevention","701 Civic Center Blvd","Suisun City","94585-2617","CA"
"Menlo Park Police Dept Records","701 Laurel St","Menlo Park","94025-3469","CA"
"Santa Cruz County Criminal","701 Ocean St # 250","Santa Cruz","95060-4012","CA"
"Santa Cruz County Sheriff","701 Ocean St # 340","Santa Cruz","95060-4074","CA"
"Hughson Police Dept","7018 Pine","Hughson","95326-0000","CA"
"Merced County Sheriff's Office","7025 Atwater Jordan Rd","Atwater","95301-9310","CA"
"Kern County Sheriff's Office","7050 Lake Isabella Blvd","Lake Isabella","93240-9203","CA"
"San Bernardino Police Dept","710 N D St","San Bernardino","92401-1112","CA"
"Bell Gardens City Police Dept","7100 Garfield Ave","Bell Gardens","90201-3253","CA"
"Sacramento County Sheriff Dept","711 G St","Sacramento","95814-1212","CA"
"Grover Beach Police Dept","711 Rockaway Ave","Grover Beach","93433-2007","CA"
"Sacramento County Sheriff Dept","720 9th St","Sacramento","95814-1302","CA"
"San Diego Police Dept","7222 Skyline Dr","San Diego","92114-5933","CA"
"Azusa Police Dept Records","725 N Alameda Ave","Azusa","91702-2562","CA"
"Placerville City Police Dept","730 Main St","Placerville","95667-5718","CA"
"Sanger Police-Project Amigo","730 Recreation Ave","Sanger","93657-2556","CA"
"Whittier Police Dept","7315 Painter Ave","Whittier","90602-1892","CA"
"San Diego Community Relations","7345 Linda Vista Rd # A","San Diego","92111-5800","CA"
"Sheriff Dept Special Invstgtns","73520 Fred Waring Dr","Palm Desert","92260-2524","CA"
"Arcata Police Dept","736 F St","Arcata","95521-6272","CA"
"Gilroy Police Dept","7370 Rosanna St","Gilroy","95020-6194","CA"
"Long Beach Police Training","7380 E Carson St","Long Beach","90808-2356","CA"
"San Diego Police Dept","7381 Jackson Dr","San Diego","92119-2316","CA"
"Riverside County Sheriff","7477 Mission Blvd","Riverside","92509-2400","CA"
"Kern County Sheriff's Dept","748 F St","Wasco","93280-2020","CA"
"Atwater Police Dept-Field Svc","750 Bellevue Rd # A","Atwater","95301-2897","CA"
"Police Dept-Reserve Program","750 Bellevue Rd","Atwater","95301-2859","CA"
"County Sheriff","751 Burton Mesa Blvd","Lompoc","93436-2201","CA"
"Angels Camp Police Dept","753 S Main St","Angels Camp","95222-0000","CA"
"Los Angeles Police Dept","7600 S Broadway","Los Angeles","90003-2040","CA"
"Mendocino Sheriff's Office","76270 Grange St","Covelo","95428-0000","CA"
"Police Dept Central Sta","766 Vallejo St","San Francisco","94133-3818","CA"
"Lincoln Police Dept","770 7th St","Lincoln","95648-1711","CA"
"Corning Police Dept","774 3rd St","Corning","96021-2517","CA"
"Police Dept Internal Affairs","777 N 1st St # 666","San Jose","95112-6341","CA"
"La Palma Police Dept","7792 Walker St","La Palma","90623-1770","CA"
"L A County Sheriff","780 E Altadena Dr","Altadena","91001-2351","CA"
"Stanislaus County Criminal Ct","800 11th St","Modesto","95354-2329","CA"
"Sheriff's Dept-Civil Court Svc","800 S Victoria Ave # 101","Ventura","93009-0001","CA"
"Sheriff's Dept-Detectives","800 S Victoria Ave","Ventura","93009-0001","CA"
"Turlock Police-Animal Control","801 S Walnut Rd","Turlock","95380-5129","CA"
"San Luis Obispo Sheriff","810 W Branch St","Arroyo Grande","93420-1901","CA"
"Santa Barbara County Sheriff","812 W Foster Rd # A","Santa Maria","93455-3511","CA"
"Orland Police Dept","817 4th St","Orland","95963-1714","CA"
"La Mesa Police Reserves","8181 Allison Ave","La Mesa","91941-5099","CA"
"Riverside Police Dept-Patrol","8181 Lincoln Ave","Riverside","92504-4346","CA"
"Westminster Police Dept","8200 Westminster Blvd","Westminster","92683-3366","CA"
"Anaheim Police Dept","8201 E Santa Ana Canyon Rd","Anaheim","92808-2249","CA"
"Glenn County Sheriff's Dept","821 South St","Orland","95963-1666","CA"
"Honor Farm Sheriff's Dept","8224 W Grayson Rd","Modesto","95358-8626","CA"
"Stanislaus Cnty Sheriff-Civil","825 12th St","Modesto","95354-2333","CA"
"Los Angeles County Sheriff","825 Maple Ave # 140","Torrance","90503-5018","CA"
"Los Angeles County Criminal Ct","825 Maple Ave","Torrance","90503-5018","CA"
"Riverside Cnty Sheriff's Dept","910 N State St","Hemet","92543-1483","CA"
"San Bernardino Police Dept","911 Kendall Dr","San Bernardino","92407-5800","CA"
"Sacramento County Sheriff Dept","9117 E Stockton Blvd # 100","Elk Grove","95624-9501","CA"
"Santa Cruz Citizen's Police","915 Cedar St","Santa Cruz","95060-3801","CA"
"Lakeport Police Dept","916 N Forbes St","Lakeport","95453-4339","CA"
"Merced County Sheriff Dept","9163 Lander Ave","Hilmar","95324-9326","CA"
"Contra Costa County Sheriff","920 Mellus St","Martinez","94553-1745","CA"
"Tulare County Sheriff's Office","920 S College Ave","Dinuba","93618-2804","CA"
"Merced County Sheriff","9215 E Highway 140","Planada","95365-0000","CA"
"San Diego Police Dept","9225 Aero Dr","San Diego","92123-2413","CA"
"Nevada County Sheriff Warrants","925 Maidu Ave","Nevada City","95959-8600","CA"
"Colusa County Sheriff Dept","929 Bridge St","Colusa","95932-2899","CA"
"Windsor Police Dept","9291 Old Redwood Hwy Bldg 300","Windsor","95492-8089","CA"
"Milpitas Police Traffic Court","935 Ruff Dr","San Jose","95110-1611","CA"
"Los Angeles County Sheriff","9355 Burton Way","Beverly Hills","90210-3625","CA"
"Hesperia Sheriff's Dept","9393 Santa Fe Ave E","Hesperia","92345-7910","CA"
"Fresno Police Station","940 N Broadway St","Fresno","93728-3311","CA"
"Los Banos Police Dept","945 5th St","Los Banos","93635-4298","CA"
"Nevada County Sheriff","950 Maidu Ave","Nevada City","95959-8600","CA"
"Sheriff Dept-Investigations","951 Low Gap Rd","Ukiah","95482-3736","CA"
"Police Community Ctr Lincoln","955 E Cedar Ave","Tulare","93274-5615","CA"
"San Diego County Sheriff Dept","9621 Ridgehaven Ct","San Diego","92123-1636","CA"
"Police Dept-Narcotics-Vice","965 Sonoma Ave","Santa Rosa","95404-4803","CA"
"Petaluma Police Dept","969 Petaluma Blvd N","Petaluma","94952-6320","CA"
"Mariposa County Sheriff","9731 Merced Falls Rd","La Grange","95329-8632","CA"
"San Diego County Sheriff","9750 Winter Gardens Blvd","Lakeside","92040-3809","CA"
"Costa Mesa Plc Dept-Invstgtns","99 Fair Dr","Costa Mesa","92626-6520","CA"
"Merced County Sheriff Dept","9935 4th St","Delhi","95315-9748","CA"
"Vacaville Police Dept-Youth","998 Marshall Rd","Vacaville","95687-5735","CA"
"Tulare Building Lake Patrol","Ag Bldg","Visalia","93291-0000","CA"
"Tulare County Criminal Court","County Civic Ctr","Visalia","93291-0000","CA"
"Glenn County Sheriff's Office","County Road 200","Orland","95963-0000","CA"
"Inyo County Sheriff's Station","Highway 190","Death Valley","92328-0000","CA"
"Trinity County Sheriff Sub Sta","Highway 3","Hayfork","96041-0000","CA"
"Humbolt County Deputy Sheriff","Highway 96","Hoopa","95546-0000","CA"
"County Sheriff","Junction Shopping Ctr","Sonora","95370-0000","CA"
"Carmel Police Dept","Junipero Ave & 4th Ave","Carmel","93923-0000","CA"
"San Bernardino County Sheriff","Parker Dam Rd","Big River","92242-0000","CA"
"San Luis Obispo County Sheriff","PO Box 32","San Luis Obispo","93406-0032","CA"
"Lake Kaweah Boat Patrol","PO Box 44410","Lemon Cove","93244-0410","CA"
"Madera County Sheriff's Wrk","PO Box 804","Oakhurst","93644-0804","CA"
"San Anselmo Police Dept","Ri 5 San Anselmo Ave","San Anselmo","94960-0000","CA"
"Imperial County Sheriff's Dept","S Marina Dr","Salton City","92275-0000","CA"
"Barstow Police Substation","Tanger Outlet Mall","Barstow","92311-0000","CA"
"Chester Sub Sta Sheriff","Willow & 1st Ave","Chester","96020-0000","CA"
